[
  {
    "title": "Jim Morisson Says when the musics over turn off the light",
    "img": "img/news/1.jpg",
    "category": "Web Development",
    "date": { "date": "23", "month": "Dec" },
    "details": [
      "Dizme is a leading web design agency with an award-winning design team that creates innovative, effective websites that capture your brand, improve your conversion rates, and maximize your revenue to help grow your business and achieve your goals.",
      "In today’s digital world, your website is the first interaction consumers have with your business. That's why almost 95 percent of a user’s first impression relates to web design. It’s also why web design services can have an immense impact on your company’s bottom line.",
      "That’s why more companies are not only reevaluating their website’s design but also partnering with Kura, the web design agency that’s driven more than $2.4 billion in revenue for its clients. With over 50 web design awards under our belt, we're confident we can design a custom website that drives sales for your unique business."
    ]
  },
  {
    "title": "How to be appreciated for your hard work as a developer",
    "img": "img/news/2.jpg",
    "category": "Branding",
    "date": { "date": "23", "month": "Dec" },
    "details": [
      "Dizme is a leading web design agency with an award-winning design team that creates innovative, effective websites that capture your brand, improve your conversion rates, and maximize your revenue to help grow your business and achieve your goals.",
      "In today’s digital world, your website is the first interaction consumers have with your business. That's why almost 95 percent of a user’s first impression relates to web design. It’s also why web design services can have an immense impact on your company’s bottom line.",
      "That’s why more companies are not only reevaluating their website’s design but also partnering with Kura, the web design agency that’s driven more than $2.4 billion in revenue for its clients. With over 50 web design awards under our belt, we're confident we can design a custom website that drives sales for your unique business."
    ]
  },
  {
    "title": "How designers and developers can collaborate better",
    "img": "img/news/3.jpg",
    "category": "Social Media",
    "date": { "date": "23", "month": "Dec" },
    "details": [
      "Dizme is a leading web design agency with an award-winning design team that creates innovative, effective websites that capture your brand, improve your conversion rates, and maximize your revenue to help grow your business and achieve your goals.",
      "In today’s digital world, your website is the first interaction consumers have with your business. That's why almost 95 percent of a user’s first impression relates to web design. It’s also why web design services can have an immense impact on your company’s bottom line.",
      "That’s why more companies are not only reevaluating their website’s design but also partnering with Kura, the web design agency that’s driven more than $2.4 billion in revenue for its clients. With over 50 web design awards under our belt, we're confident we can design a custom website that drives sales for your unique business."
    ]
  }
]
